{
  "amount": 0.0031067705843249274,
  "is_international": 4.005534648576634e-07,
  "num_tx_24h": 2.87879094516899e-06,
  "avg_amount_24h": 0.0009165727015420401,
  "country_US": 4.005534648576634e-07,
  "time_of_day_night": 4.005534648576634e-07,
  "device_type_mobile": 4.005534648576634e-07
}